INSERT INTO Customer (customerId, name, email, phoneNumber)
VALUES 
('2404012070', 'Anton', 'anb59@hi.is', '1234567'),
('2404012071', 'Bjarki', 'bja34@hi.is', '7654321'),
('2404012072', 'Davíð', 'daf17@hi.is', '2345678');

INSERT INTO Flight (flightNumber, origin, destination, departureTime, arrivalTime)
VALUES
('FI101', 'KEF', 'JFK', '2020-11-01 12:00:00', '2020-11-01 18:00:00'),
('FI102', 'JFK', 'KEF', '2020-11-02 12:00:00', '2020-11-02 18:00:00'),
('FI103', 'KEF', 'LHR', '2020-11-03 12:00:00', '2020-11-03 18:00:00'),
('FI104', 'LHR', 'KEF', '2020-11-04 12:00:00', '2020-11-04 18:00:00');

INSERT INTO Seat (seatNumber, seatStatus, flightNumber)
VALUES
('A1', 0, 'FI101'),
('A2', 0, 'FI101'),
('A3', 0, 'FI101'),
('A4', 0, 'FI101'),
('A5', 0, 'FI101'),
('A6', 0, 'FI101'),
('A7', 0, 'FI101'),
('A8', 0, 'FI101'),
('A9', 0, 'FI101'),
('A10', 0, 'FI101'),
('B1', 0, 'FI101'),
('B2', 0, 'FI101'),
('B3', 0, 'FI101'),
('B4', 0, 'FI101'),
('B5', 0, 'FI101'),
('B6', 0, 'FI101'),
('B7', 0, 'FI101'),
('B8', 0, 'FI101'),
('B9', 0, 'FI101'),
('B10', 0, 'FI101'),
('C1', 0, 'FI101'),
('C2', 0, 'FI101'),
('C3', 0, 'FI101'),
('C4', 0, 'FI101'),
('C5', 0, 'FI101'),
('C6', 0, 'FI101'),
('C7', 0, 'FI101'),
('C8', 0, 'FI101'),
('C9', 0, 'FI101'),
('C10', 0, 'FI101'),
('D1', 0, 'FI101'),
('D2', 0, 'FI101'),
('D3', 0, 'FI101'),
('D4', 0, 'FI101'),
('D5', 0, 'FI101'),
('D6', 0, 'FI101'),
('D7', 0, 'FI101'),
('D8', 0, 'FI101'),
('D9', 0, 'FI101'),
('D10', 0, 'FI101'),
('A1', 0, 'FI102'),
('A2', 0, 'FI102'),
('A3', 0, 'FI102'),
('A4', 0, 'FI102'),
('A5', 0, 'FI102'),
('A6', 0, 'FI102'),
('A7', 0, 'FI102'),
('A8', 0, 'FI102'),
('A9', 0, 'FI102'),
('A10', 0, 'FI102'),
('B1', 0, 'FI102'),
('B2', 0, 'FI102'),
('B3', 0, 'FI102'),
('B4', 0, 'FI102'),
('B5', 0, 'FI102'),
('B6', 0, 'FI102'),
('B7', 0, 'FI102'),
('B8', 0, 'FI102'),
('B9', 0, 'FI102'),
('B10', 0, 'FI102'),
('C1', 0, 'FI102'),
('C2', 0, 'FI102'),
('C3', 0, 'FI102'),
('C4', 0, 'FI102'),
('C5', 0, 'FI102'),
('C6', 0, 'FI102'),
('C7', 0, 'FI102'),
('C8', 0, 'FI102'),
('C9', 0, 'FI102'),
('C10', 0, 'FI102'),
('D1', 0, 'FI102'),
('D2', 0, 'FI102'),
('D3', 0, 'FI102'),
('D4', 0, 'FI102'),
('D5', 0, 'FI102'),
('D6', 0, 'FI102'),
('D7', 0, 'FI102'),
('D8', 0, 'FI102'),
('D9', 0, 'FI102'),
('D10', 0, 'FI102'),
('A1', 0, 'FI103'),
('A2', 0, 'FI103'),
('A3', 0, 'FI103'),
('A4', 0, 'FI103'),
('A5', 0, 'FI103'),
('A6', 0, 'FI103'),
('A7', 0, 'FI103'),
('A8', 0, 'FI103'),
('A9', 0, 'FI103'),
('A10', 0, 'FI103'),
('B1', 0, 'FI103'),
('B2', 0, 'FI103'),
('B3', 0, 'FI103'),
('B4', 0, 'FI103'),
('B5', 0, 'FI103'),
('B6', 0, 'FI103'),
('B7', 0, 'FI103'),
('B8', 0, 'FI103'),
('B9', 0, 'FI103'),
('B10', 0, 'FI103'),
('C1', 0, 'FI103'),
('C2', 0, 'FI103'),
('C3', 0, 'FI103'),
('C4', 0, 'FI103'),
('C5', 0, 'FI103'),
('C6', 0, 'FI103'),
('C7', 0, 'FI103'),
('C8', 0, 'FI103'),
('C9', 0, 'FI103'),
('C10', 0, 'FI103'),
('D1', 0, 'FI103'),
('D2', 0, 'FI103'),
('D3', 0, 'FI103'),
('D4', 0, 'FI103'),
('D5', 0, 'FI103'),
('D6', 0, 'FI103'),
('D7', 0, 'FI103'),
('D8', 0, 'FI103'),
('D9', 0, 'FI103'),
('D10', 0, 'FI103'),
('A1', 0, 'FI104'),
('A2', 0, 'FI104'),
('A3', 0, 'FI104'),
('A4', 0, 'FI104'),
('A5', 0, 'FI104'),
('A6', 0, 'FI104'),
('A7', 0, 'FI104'),
('A8', 0, 'FI104'),
('A9', 0, 'FI104'),
('A10', 0, 'FI104'),
('B1', 0, 'FI104'),
('B2', 0, 'FI104'),
('B3', 0, 'FI104'),
('B4', 0, 'FI104'),
('B5', 0, 'FI104'),
('B6', 0, 'FI104'),
('B7', 0, 'FI104'),
('B8', 0, 'FI104'),
('B9', 0, 'FI104'),
('B10', 0, 'FI104'),
('C1', 0, 'FI104'),
('C2', 0, 'FI104'),
('C3', 0, 'FI104'),
('C4', 0, 'FI104'),
('C5', 0, 'FI104'),
('C6', 0, 'FI104'),
('C7', 0, 'FI104'),
('C8', 0, 'FI104'),
('C9', 0, 'FI104'),
('C10', 0, 'FI104'),
('D1', 0, 'FI104'),
('D2', 0, 'FI104'),
('D3', 0, 'FI104'),
('D4', 0, 'FI104'),
('D5', 0, 'FI104'),
('D6', 0, 'FI104'),
('D7', 0, 'FI104'),
('D8', 0, 'FI104'),
('D9', 0, 'FI104'),
('D10', 0, 'FI104');

INSERT INTO Booking (bookingId, bookingDate, status, customerId, flightNumber, seatNumber)
VALUES
('B101', '2020-10-01 12:00:00', 'CONFIRMED', '2404012070', 'FI101', 'A1'),
('B102', '2020-10-02 12:00:00', 'CONFIRMED', '2404012071', 'FI101', 'A2'),
('B103', '2020-10-03 12:00:00', 'CONFIRMED', '2404012072', 'FI102', 'A1');

-- Update corresponding seats to reflect they are booked
UPDATE Seat SET seatStatus = 1 WHERE flightNumber = 'FI101' AND seatNumber = 'A1';
UPDATE Seat SET seatStatus = 1 WHERE flightNumber = 'FI101' AND seatNumber = 'A2';
UPDATE Seat SET seatStatus = 1 WHERE flightNumber = 'FI102' AND seatNumber = 'A1';